{
    "loss": 33.37911605834961,
    "accuracy": 0.5686274766921997
}