{
    "loss": 51.447784423828125,
    "accuracy": 0.4313725531101227
}